000_Brasserie,Bière,,Type_Precis,Type_gen,,Style,Kingdom,UntappdRating,UntappdNumber,IBU,Cara60,Cara160,Caraaroma,Carabohemian,Chocolate,Crystal60L,Crystal foncé,Munich,Pilsner,2 rangs,Vienna,Wheat,Cascade Québec,Citra,Centennial,Cascade,Cascade amarillo,Goldings,Mandarina Bavaria,Mittlefruh,Mozaïc,Nugget,Perle,Simcoe,Willamette,Unspecified,Blé,Carafa,Avoine,Seigle,Hibiscus,Coriandre,Unspecified,Poivre,Cerise,Noix,Cafe,Cereales,Epices,Coriandre,Fleur,Herbacee,Noisette,Poivre,Réglisse,Romarin,Sel de mer,Sèche,Agrume,Ananas,Bleuet,Framboise surette,Fruit de la passion,Fruite,Fruit rouge,Génévrier,Mure,Lime,Limonade surette,Pamplemousse,Zeste d'orange,Caramel,Chocolat,Chocolat Noir,Miel,Boise,Bourbon,Brandy,Whisky,Non-specifié,Terreux,Betterave,Champignon,Salade verte,Pimets,Fromage,Fromage de chèvre,Fromage fort,Gateau,Chocolat,Pain aux bananes,Pralines,Tarte,Barbacue,Boeuf,Brochette,Burger,Cheeseburger,Cochon,Gibier,Poisson,Poulet,Viandes fumées,Pad thai,Type de contenant,,,,,,,,,,,,,,,,,,,
Archibald,Joufflue,ArchibaldJoufflue,BlancheBle,Witbier,Witbier,Belgian,Ale,3.43,3054,12,,,,,,,,,,,,,,,,,,,,,,,,,,,,,,,,,,,,,,,,,,,,,,,,,,,,,,,,,,,,,,,,,,,,,,,,,,,,,,,,,,,,,,,,,,,,,,,,,,,,,,,,,,,,,,,,,,
A l'abri de la tempête,Bot'a ouelle,AbriTempeteBotaOuelle,PilsnerImperiale,Pilsner,Double,,Lager,3.72,387,NA,,,,,,,,,,,,,,,,,,,,,,,,,,,,,,,,,,,,,,,,,,,,,,,,,,,,,,,,,,,,,,,,,,,,,,,,,,,,,,,,,,,,,,,,,,,,,,,,,,,,,,,,,,,,,,,,,,
A l'abri de la tempête,Corps mort,AbriTempeteCorpsMort,Barleywine,Barleywine,StrongPaleAle,English,Barleywine,3.87,1188,NA,,,,,,,,,,,,,,,,,,,,,,,,,,,,,,,,,,,,,,,,,,,,,,,,,,,,,,,,,,,,,,,,,,,,,,,,,,,,,,,,,,,,,,,,,,,,,,,,,,,,,,,,,,,,,,,,,,
A l'abri de la tempête,Écume,AbriTempeteEcume,PilsnerRustique,Pilsner,Pilsner,,Lager,3.37,846,NA,,,,,,,,,,,,,,,,,,,,,,,,,,,,,,,,,,,,,,,,,,,,,,,,,,,,,,,,,,,,,,,,,,,,,,,,,,,,,,,,,,,,,,,,,,,,,,,,,,,,,,,,,,,,,,,,,,
A l'abri de la tempête,Palabre,AbriTempetePalabre,IPLBlanche,PaleLager,PaleLager,,Lager,3.87,555,26,,,,,,,,,,,,,,,,,,,,,,,,,,,,,,,,,,,,,,,,,,,,,,,,,,,,,,,,,,,,,,,,,,,,,,,,,,,,,,,,,,,,,,,,,,,,,,,,,,,,,,,,,,,,,,,,,,
A l'abri de la tempête,Terre Ferme,AbriTempeteTerreFerme,APA,APA,PaleAle,American,Ale,3.78,1046,NA,,,,,,,,,,,,,,,,,,,,,,,,,,,,,,,,,,,,,,,,,,,,,,,,,,,,,,,,,,,,,,,,,,,,,,,,,,,,,,,,,,,,,,,,,,,,,,,,,,,,,,,,,,,,,,,,,,
Avant-garde,Perdu dans malle,AvantGardePerduDansMalle,Tripel,Tripel,StrongDarkAle,Belgian,Ale,3.65,376,39,,,,,,,,,,,,,,,,,,,,,,,,,,,,,,,,,,,,,,,,,,,,,,,,,,,,,,,,,,,,,,,,,,,,,,,,,,,,,,,,,,,,,,,,,,,,,,,Draft,,,,,,,,,,,,,,,,,,,
Barberie,Bitter,BarberieBitterPasseeDate,RousseBitter,Bitter,PaleAle,English,Ale,3.33,486,NA,,,,,,,,,,,,,,,,,,,,,,,,,,,,,,,,,,,,,,,,,,,,,,,,,,,,,,,,,,,,,,1,,,,,,,,,,,,,,,,,,,,,,,,,,,,,,,,,,,,,,,,,,,,,,,,,,,,
Barberie,Cuivrée au thé,BarberieCuivreeAuThe,Cuivrée,Amber,PaleAle,American,Ale,3.53,768,17,,,,,,,,,,,,,,,,,,,,,,,,,,,,,,,,,,,,,,,,,,,,,,,,,,,,,,,,,,,,,,,,,,,,,,,,,,,,,,,,,,,,,,,,,,,,,,,,,,,,,,,,,,,,,,,,,,
BENELUX @rueSherbrooke,Congo,BeneluxCongo,IPABelge,IPA,PaleAle,Belgian,Ale,3.63,191,NA,,,,,,,,,,,,,,,,,,,,,,,,,,,,,,,,,,,,,,,,,,,,,,,,,,,,,,,,,,,,,,,,,,,,,,,,,,,,,,,,,,,,,,,,,,,,,,,Draft,,,,,,,,,,,,,,,,,,,
BENELUX @rueSherbrooke,Cuda,BeneluxCuda,APA,APA,PaleAle,American,Ale,3.78,802,NA,,,,,,,,,,,,,,,,,,,,,,,,,,,,,,,,,,,,,,,,,,,,,,,,,,,,,,,,,,,,,,,,,,,,,,,,,,,,,,,,,,,,,,,,,,,,,,,Draft,,,,,,,,,,,,,,,,,,,
BENELUX @rueSherbrooke,Enfant-roi,BeneluxEnfantRoi,SaisonSure,Farmhouse,Lambic,,Ale,3.73,155,25,,,,,,,,,,,,,,,,,,,,,,,,,,,,,,,,,,,,,,,,,,,,,,,,,,,,,,,,,,,,,,,,,,,,,,,,,,,,,,,,,,,,,,,,,,,,,,,Draft,,,,,,,,,,,,,,,,,,,
BENELUX @rueSherbrooke,Gaïa,BeneluxGaia,Blanche,Witbier,Witbier,Belgian,Ale,3.51,487,NA,,,,,,,,,,,,,,,,,,,,,,,,,,,,,,,,,,,,,,,,,,,,,,,,,,,,,,,,,,,,,,,,,,,,,,,,,,,,,,,,,,,,,,,,,,,,,,,Draft,,,,,,,,,,,,,,,,,,,
BENELUX @rueSherbrooke,Marginale,BeneluxMarginale,IrishStout,Stout,Stout,Irish,Ale,3.57,95,NA,,,,,,,,,,,,,,,,,,,,,,,,,,,,,,,,,,,,,,,,,,,,,,,,,,,,,,,,,,,,,,,,,,,,,,,,,,,,,,,,,,,,,,,,,,,,,,,Draft,,,,,,,,,,,,,,,,,,,
BENELUX @rueSherbrooke,Session Printemps,BeneluxSessionPrintemps,SessionIPA,IPA,PaleAle,,Ale,3.68,83,NA,,,,,,,,,,,,,,,,,,,,,,,,,,,,,,,,,,,,,,,,,,,,,,,,,,,,,,,,,,,,,,,,,,,,,,,,,,,,,,,,,,,,,,,,,,,,,,,Draft,,,,,,,,,,,,,,,,,,,
Bieres Jukebox,classique,Jukeboxclassique,APA,APA,PaleAle,American,Ale,3.69,427,40,,,,,,,,,,,,,,,,,,,,,,,,,,,,,,,,,,,,,,,,,,,,,,,,,,,,,,,,,,,,,,,,,,,,,,,,,,,,,,,,,,,,,,,,,,,,,,,,,,,,,,,,,,,,,,,,,,
Bieres Jukebox,Jazz,JukeboxJazz,Amber,Amber,PaleAle,American,Ale,3.42,552,35,,,,,,,,,,,,,,,,,,,,,,,,,,,,,,,,,,,,,,,,,,,,,,,,,,,,,,,,,,,,,,,,,,,,,,,,,,,,,,,,,,,,,,,,,,,,,,,,,,,,,,,,,,,,,,,,,,
Bieres Jukebox,New Wave,JukeboxNewWave,IPAMilkshake,IPA,PaleAle,English,Ale,3.93,2053,50,,,,,,,,,,,,,,,,,,,,,,,,,,,,,,,,,,,,,,,,,,,,,,,,,,,,,,,,,,,,,,,,,,,,,,,,,,,,,,,,,,,,,,,,,,,,,,,Brown500,,,,,,,,,,,,,,,,,,,
Brasserie Belgh Brasse,Amos Kristall Witte,BittATibiKristalWhite,Kristallweizen,Kristallweizen,Weissbier,German,Ale,3.23,801,NA,,,,,,,,,,,,,,,,,,,,,,,,,,,,,,,,,,,,,,,,,,,,,,,,,,,,,,,,,,,,,,,,,,,,,,,,,,,,,,,,,,,,,,,,,,,,,,,,,,,,,,,,,,,,,,,,,,
Brasserie Belgh Brasse,Amos Pale Ale,BittATibiPaleAle,APA,APA,PaleAle,American,Ale,3.2,835,NA,,,,,,,,,,,,,,,,,,,,,,,,,,,,,,,,,,,,,,,,,,,,,,,,,,,,,,,,,,,,,,,,,,,,,,,,,,,,,,,,,,,,,,,,,,,,,,,,,,,,,,,,,,,,,,,,,,
Brasserie Belgh Brasse,AmosLagerBlonde,BittATibiBlonde,LagerBlonde,PaleLager,PaleLager,European,Lager,3.16,677,NA,,,,,,,,,,,,,,,,,,,,,,,,,,,,,,,,,,,,,,,,,,,,,,,,,,,,,,,,,,,,,,,,,,,,,,,,,,,,,,,,,,,,,,,,,,,,,,,,,,,,,,,,,,,,,,,,,,
Brasserie Belgh Brasse,Belge,MonsBelge,Dubbel,Double,StrongDarkAle,Belgian,Ale,3.64,2954,NA,,,,,,,,,,,,,,,,,,,,,,,,,,,,,,,,,,,,,,,,,,,,,,,,,,,,,,,,,,,,,,,,,,,,,,,,,,,,,,,,,,,,,,,,,,,,,,,Brown750,,,,,,,,,,,,,,,,,,,
Brasserie Dunham,Paul,DunhamPaul,APA,APA,PaleAle,American,Ale,3.83,260,35,,,,,,,,,,,,,,,,,,,,,,,,,,,,,,,,,,,,,,,,,,,,,,,,,,,,,,,,,,,,,,,,,,,,,,,,,,,,,,,,,,,,,,,,,,,,,,,Brown375,,,,,,,,,,,,,,,,,,,
Brasserie Dunham,CyclopeThêta,DunhamCyclopeTheta,APA,APA,PaleAle,American,Ale,3.98,1045,60,,,,,,,,,,,,,,,,,,,,,,,,,,,,,,,,,,,,,,,,,,1,,,,,,,1,1,,,,,,,,,,,,,,,,,,,,,,,,,,,,,,,,,,,,,,,,,,,,,Brown341,,,,,,,,,,,,,,,,,,,
Brasserie Generale,Brumaire,BGBrumaire,WeeHeavy,Scotch,StrongPaleAle,Scotish,Ale,3.73,276,18,,,,,,,,,,,,,,,,,,,,,,,,,,,,,,,,,,,,,,,,,,,,,,,,,,,,,,,,,,,,,,,,,,,,,,,,,,,,,,,,,,,,,,,,,,,,,,,,,,,,,,,,,,,,,,,,,,
Brasserie Generale,Hanami,BGHanami,Fruit,Fruit,Lambic,,Ale,3.43,923,15,,,,,,,,,,,,,,,,,,,,,,,,,,,,,,,,,,,1,,,,,,,,,,,,,,,,,,,,,,,,,,,,,,,,,,,,,,,,,,,,,,,,,,,,,,,,,,,,Brown500,,,,,,,,,,,,,,,,,,,
Brasserie Les 2 Frères,Charles Henri Ambree,LDFAmbree,Amber,Amber,PaleAle,American,Ale,3.52,1860,31,,,,,,1,,,,1,,1,,,,1,,1,,1,,,,,1,,,,,,,,1,,,,,1,,,,,,,,,,,,,,,,,,,,,,,,1,,,,,,,,,,,,,,,,,,,,,,,,,,,,,,,,,Brown500,,,,,,,,,,,,,,,,,,,
Brasserie Les 2 Frères,Charles Henri Blanche,LDFBlanche,Blanche,Witbier,Witbier,Belgian,Ale,3.44,1906,19,,,,,,,,,,,,,,,,,,,,,,,,,,,,,,,,,,,,,,,,,,,,,,,,,,,,,,,,,,,,,,,,,,,,,,,,,,,,,,,,,,,,,,,,,,,,,,,,,,,,,,,,,,,,,,,,,,
Brasserie Les 2 Frères,Charles Henri Blonde,LDFBlonde,Blonde,Blonde,PaleAle,American,Ale,3.29,626,25,,,,,,,,,,,,,,,,,,,,,,,,,,,,,,,,,,,,,,,,,,,,,,,,,,,,,,,,,,,,,,,,,,,,,,,,,,,,,,,,,,,,,,,,,,,,,,,,,,,,,,,,,,,,,,,,,,
Brasserie Les 2 Frères,Hickson Porter Baltique,LDFPorterBaltique,PorterBaltique,Porter,Porter,,Lager,3.73,1558,30,,,,,,,,,,,,,,,,,,,,,,,,,,,,,,,,,,,,,,,,,,,,,,,,,,,,,,,,,,,,,,,,,,,,,,,,,,,,,,,,,,,,,,,,,,,,,,,,,,,,,,,,,,,,,,,,,,
Brasserie Les 2 Frères,Hickson IPA impériale,LDFImperialIPA,DoubleIPA,IPA,StrongPaleAle,,Ale,3.64,2.339,74,,,,,,,,,,,,,,,,,,,,,,,,,,,,,,,,,,,,,,,,,,,,,,,,,,,,,,,,,,,,,,,,,,,,,,,,,,,,,,,,,,,,,,,,,,,,,,,,,,,,,,,,,,,,,,,,,,
Brasserie McAuslan,Blonde,McAuslanBlonde,Blonde,APA,PaleAle,American,Ale,3.15,2046,NA,,,,,,,,,,,,,,,,,,,,,,,,,,,,,,,,,,,,,,,,,,,,,,,,,,,,,,,,,,,,,,,,,,,,,,,,,,,,,,,,,,,,,,,,,,,,,,,,,,,,,,,,,,,,,,,,,,
Brasserie McAuslan,Citrouille,McAuslanCitrouille,Fruit,Fruit,Lambic,,Ale,3.49,11497,18,,,,,,,,,,,,,,,,,,,,,,,,,,,,,,,,,,,,,,,,,,,,,,,,,,,,,,,,,,,,,,,,,,,,,,,,,,,,,,,,,,,,,,,,,,,,,,,,,,,,,,,,,,,,,,,,,,
Brasserie McAuslan,IPA,McAuslanIPA,IPA,IPA,PaleAle,English,Ale,3.39,9958,56,,,,,,,,,,,,,,,,,,,,,,,,,,,,,,,,,,,,,,,,,,,,,,,,,,,,,,,,,,,,,,,,,,,,,,,,,,,,,,,,,,,,,,,,,,,,,,,,,,,,,,,,,,,,,,,,,,
Brasserie McAuslan,Porter baltic,McAuslanPorterBaltique,PorterBaltique,Porter,Porter,,Lager,3.65,976,42,,,1,1,1,1,1,,,1,,,,,,,,1,,,,,,,1,,,,,,,,,,,,,,,,,,,,1,,,,,,,,,,,,,,,,,1,,1,,,,,,,,,,,,,,,,,,,,,,,,,,,,,,,Brown341,,,,,,,,,,,,,,,,,,,
Brasserie Mille-Îles,APA,MilleIlesAPA,APA,APA,PaleAle,American,Ale,3.77,753,57,,,,,,,,,,,,,,,,,,,,,,,,,,,,,,,,,,,,,,,,,,,,,,,,,,,,,,,,,,,,,,,,,,,,,,,,,,,,,,,,,,,,,,,,,,,,,,,Draft,,,,,,,,,,,,,,,,,,,
Brasserie Mille-Îles,Best bitter,MillesIlesBestBitterFut,EnglishBitter,Bitter,PaleAle,English,Ale,3.49,357,32,,,,,,,,,,,,,,,,,,,,,,,,,,,,,,,,,,,,,,,,,,,,,,,,,,,,,,,,,,,,,,,,,,,,,,,,,,,,,,,,,,,,,,,,,,,,,,,Draft,,,,,,,,,,,,,,,,,,,
Brasserie Schoune,Délire,,Tripel,Tripel,StrongDarkAle,Belgian,Ale,3.51,26,NA,,,,,,,,,,,,,,,,,,,,,,,,,,,,,,,,,,,,,,,,,,,,,,,,,,,,,,,,,,,,,,,,,,,,,,,,,,,,,,,,,,,,,,,,,,,,,,,,,,,,,,,,,,,,,,,,,,
Brasserie Vrooden,Berliner Weisse,VroodenBerlinerWeisse,BerlinerWeisse,BerlinerWeisse,Weissbier,German,Ale,3.49,278,3,,,,,,,,,,,,,,,,,,,,,,,,,,1,1,,,,,,,,,,,,,,,,,,,,,,,,,,,,,,,,,,,,,,,,,,,,,,,,,,,,,,,,,,,,,,,,,,,,,,,,,,,,,,,,,,,,,,,
Brasserie Vrooden,Schwarzbier,VroodenSchwarzbier,Schwarzbier,Schwarzbier,Schwarzbier,German,Lager,3.73,437,25,,,,,,,,,,,,,,,,,,,,,,,,,,,,,,,,,,,,,,,,,,,,,,,,,,,,,,,,,,,,,,,,,,,,,,,,,,,,,,,,,,,,,,,,,,,,,,,,,,,,,,,,,,,,,,,,,,
brasseurs du monde,Blanche,BDMBlancheCan,BlancheBle,Hefeweizen,Weissbier,German,Ale,3.27,744,NA,,,,,,,,,,,,,,,,,,,,,,,,,,,,,,,,,,,,,,,,,,,,,,,,,,,,,,,,,,,,,,,,,,,,,,,,,,,,,,,,,,,,1,,,,,,1,1,,1,,Can355,,,,,,,,,,,,,,,,,,,
Refuge des Brasseurs,Bunker,RDBBunker,APA,APA,PaleAle,American,Ale,3.72,631,NA,,,,,,,,,,,,,,,,,,,,,1,,,,,,,,,,,,,,,,,,,,,,,,,,,,1,,,,1,,,,,,,,,,,,,,,,,,,,,,,1,,,,,,,,,1,,,1,1,,1,1,,,Brown500,,,,,,,,,,,,,,,,,,,
Brasseurs du monde,célébrante 375,BDMCelebrante,Blonde,Champagne,Champagne,Belgian,Ale,3.47,470,NA,,,,,,,,,,,,,,,,,,,,,,,,,,,,,,,,,,,,,,,,,,,,,,,,,,,,,,,,,,,,,,,,,,,,,,,,,,,,,,,,,,,,,,,,,,,,,,,,,,,,,,,,,,,,,,,,,,
brasseurs du monde,Druide,BDMDruide,Gruit,Farmhouse,Cervoise,Belgian,Ale,3.43,231,NA,,,,,,,,,,,,,,,,,,,,,,,,,,,,,,,,,,,,,,,,,1,1,,1,,1,,1,,,,,,,,,,,,,,,,,,,,,,,,1,1,,,1,,,,,,,1,,,,,,1,,,1,,,Brown500,,,,,,,,,,,,,,,,,,,
brasseurs du monde,L'exploité,BDMExploite,MilkStout,MilkStout,Stout,,Ale,3.79,1888,NA,,,,,,,,,,,,,,,,,,,,,,,,,,,,,,,,,,,,,,,,,,,,,,,,,,,,,,,,,,,,,,,,,,,,,,,,,,,,,,,,,,,,,,,,,,,,,,,Brown341,,,,,,,,,,,,,,,,,,,
brasseurs du monde,L'interdite 60,BDMInterdite60,APA,APA,PaleAle,American,Ale,3.66,1721,60,,,,,,,,,,,,,,,,,,,,,,,,,,,,,,,,,,,,,,,,,,,,,,,,,,,,,,,,,,,,,,,,,,,,,,,,,,,,1,,,,,,,,,1,,,,1,,1,1,,,Brown341,,,,,,,,,,,,,,,,,,,
brasseurs du monde,L'interdite 90,BDML'interdite 90,APA,APA,PaleAle,American,,,,,,,,,,,,,,,,,,,,,,,,,,,,,,,,,,,,,,,,,,,,,1,1,,,,,,,1,,,,,,,,,,,,,,,,,,,,,,,,,,1,1,,,1,1,,,,,,1,,,,,,,,,,,,,,,,,,,,,,,,,,,,
brasseurs du monde,L'Occasion,BDMLoccasion,SessionIPA,IPA,PaleAle,,Ale,3.57,913,45,,,,,,,,,,,,,,,,,,,,,,,,,,,,,,,,,,,,,,,,,,,,,,,,,,,,,,,,,,,,,,,,,,,,,,,,,,,,,,,,,,,,,,,,,,,,,,,,,,,,,,,,,,,,,,,,,,
brasseurs du monde,Maibock,BDMMaibock,,Maibock,Bock,,,,,,,,,,,,,,,,,,,,,,,,,,,,,,,,,,,,,,,,,,,,,,,,,,,,,,,,,,,,,,,,,,,,,,,,,,,,,,,,,,,,,,,,,,,,,,,,,,,,Brown341,,,,,,,,,,,,,,,,,,,
brasseurs du monde,Nectareus,BDMNectareus,Brown,Brown,Brown,English,Ale,3.55,1337,NA,,,,,,,,,,,,,,,,,,,,,,,,,,,,,,,,,,,,,,,,,,,,,,,,,,,,,,,,,,,,,,,,,,,,,,,,,,,,,,,,,,,,,,,,,,,,,,,,,,,,,,,,,,,,,,,,,,
brasseurs du monde,Rousse,BDMRousse,Red,Amber,PaleAle,Irish,Ale,3.18,805,NA,,,,,,,,,,,,,,,,,,,,,,,,,,,,,,,,,,,,,,,,,,,,,,,,,,,,,,,,,,,,,,,,,,,,,,,,,,,,,,,,,,,,,,,,,,,,,,,Brown341,,,,,,,,,,,,,,,,,,,
brasseurs du monde,Trinqueur,BDMTrinqueur,WeeHeavy,Scotch,StrongPaleAle,Scotish,Ale,3.5,936,NA,,,,,,,,,,,,,,,,,,,,,,,,,,,,,,,,,,,,,,,,,,,,,,,,,,,,,,,,,,,,,,,,,,,,,,,,,,,,,,,,,,,,,,,,,,,,,,,brown341,,,,,,,,,,,,,,,,,,,
Brasseurs Illimites,IPA,SMIPA,APA,APA,PaleAle,American,Ale,3.51,1486,66,,,,,,,,,,,,,,,,,,,,,,,,,,,,,,,,,,,,,,,,,,,,,,,,,,,,,,,,,,,,,,,,,,,,,,,,,,,,,,,,,,,,,,,,,,,,,,,Draft,,,,,,,,,,,,,,,,,,,
Brasseurs Illimites,Mosaic,SMMosaic,APA,APA,PaleAle,American,Ale,3.59,646,47,,,,,,,,,,,,,,,,,,,,,,,,,,,,,,,,,,,,,,,,,,,,,,,,,,,,,,,,,,,,,,,,,,,,,,,,,,,,,,,,,,,,,,,,,,,,,,,Brown500,,,,,,,,,,,,,,,,,,,
Brasseurs Illimites,Rosemont,BISaisonRosemont,Farmhouse,Farmhouse,Farmhouse,NA,NA,NA,NA,NA,,,,,,,,,,,,,,,,,,,,,,,,,,,,,,,,,,,,,,,,,,,,,,,,,,,,,,,,,,,,,,,,,,,,,,,,,,,,,,,,,,,,,,,,,,,,,,,,,,,,,,,,,,,,,,,,,,
Brasseurs Illimites,Altbier,SMRousse,Rousse,Altbier,Altbier,German,Ale,3.47,735,33,,,,,,,,,,,,,,,,,,,,,,,,,,,,,,,,,,,,,,,,,,,,,,,,,,,,,,,,,,,,,,,,,,,,,,,,,,,,,,,,,,,,,,,,,,,,,,,Draft,,,,,,,,,,,,,,,,,,,
Brasseurs Illimites,Saison-session,SMSaisonSession,Farmhouse,Farmhouse,Farmhouse,Belgian,Ale,3.49,108,NA,,,,,,,,,,,,,,,,,,,,,,,,,,,,,,,,,,,,,,,,,,,,,,,,,,,,,,,,,,,,,,,,,,,,,,,,,,,,,,,,,,,,,,,,,,,,,,,Draft,,,,,,,,,,,,,,,,,,,
Brasseurs RJ,Belle Gueule Rousse,BelleGueuleRousse,Rousse,Amber,PaleAle,American,Ale,3.13,2726,NA,,,,,,,,,,,,,,,,,,,,,,,,,,,,,,,,,,,,,,,,,,,,,,,,,,,,,,,,,,,,,,,,,,,,,,,,,,,,,,,,,,,,,,,,,,,,,,,,,,,,,,,,,,,,,,,,,,
Brasseurs RJ,Blonde d'achouffe,RJBlondeAchouffe,Golden,Blonde,Blonde,Belgian,Ale,3.48,1625,NA,,,,,,,,,,,,,,,,,,,,,,,,,,,,,,,,,,,,,,,,,,,,,,,,,,,,,,,,,,,,,,,,,,,,,,,,,,,,,,,,,,,,,,,,,,,,,,,Brown341,,,,,,,,,,,,,,,,,,,
Brasseurs RJ,Brune d'achouffe,RJBruneAchouffe,Brown,Brown,Dark/Brown,Belgian,Ale,3.47,946,NA,,,,,,,,,,,,,,,,,,,,,,,,,,,,,,,,,,,,,,,,,,,,,,,,,,,,,,,,,,,,,,,,,,,,,,,,,,,,,,,,,,,,,,,,,,,,,,,Brown341,,,,,,,,,,,,,,,,,,,
Brasseurs RJ,Canon,RJCanon,Doppelbock,Doppelbock,Bock,German,Lager,3.32,1028,NA,,,,,,,,,,,,,,,,,,,,,,,,,,,,,,,,,,,,,,,,,,,,,,,,,,,,,,,,,,,,,,,,,,,,,,,,,,,,,,,,,,,,,,,,,,,,,,,Brown341,,,,,,,,,,,,,,,,,,,
Brasseurs RJ,Cheval blanc double,RJChevalBlancDouble,IPA,IPA,PaleAle,Belgian,Ale,3.57,2597,55,,,,,,,,,,,,,,,,,,,,,,,,,,,,,,,,,,,,,,,,,,,,,,,,,,,,,,,,,,,,,,,,,,,,,,,,,,,,,,,,,,,,,,,,,,,,,,,Brown341,,,,,,,,,,,,,,,,,,,
Brasseurs RJ,Coup de grisou,RJCoupGrisou,Specialty,Specialty,Specialty,,,3.52,2975,NA,,,,,,,,,,,,,,,,,,,,,,,,,,,,,,,,,,,,,,,,,,,,,,,,,,,,,,,,,,,,,,,,,,,,,,,,,,,,,,,,,,,,,,,,,,,,,,,Brown341,,,,,,,,,,,,,,,,,,,
Brasseurs RJ,Death Valley,RJDeathValley,DoubleIPA,IPA,StrongPaleAle,,Ale,3.55,4053,50,,,,,,,,,,,,,,,,,,,,,,,,,,,,,,,,,,,,,,,,,,,,,,,,,,,,,,,,,,,,,,,,,,,,,,,,,,,,,,,,,,,,,,,,,,,,,,,Brown341,,,,,,,,,,,,,,,,,,,
Brasseurs RJ,Lochness,RJLochness,WeeHeavy,Scotch,StrongPaleAle,Scotish,Ale,3.26,987,NA,,,,,,,,,,,,,,,,,,,,,,,,,,,,,,,,,,,,,,,,,,,,,,,,,,,,,,,,,,,,,,,,,,,,,,,,,,,,,,,,,,,,,,,,,,,,,,,Brown341,,,,,,,,,,,,,,,,,,,
Brasseurs Sans Gluten,APA,GlutenbergAPA,APA,APA,PaleAle,American,Ale,3,3490,50,,,,,,,,,,,,,,,,,,,,,,,,,,,,,,,,,,,,,,,,,,,,,,,,,,,,,,,,,,,,,,,,,,,,,,,,,,,,,,,,,,,,,,,,,,,,,,,Draft,,,,,,,,,,,,,,,,,,,
BVM BREWERY,Blonde,BVMBlonde,Blonde,Blonde,PaleAle,American,Ale,2.6,533,NA,,,,,,,,,,,,,,,,,,,,,,,,,,,,,,,,,,,,,,,,,,,,,,,,,,,,,,,,,,,,,,,,,,,,,,,,,,,,,,,,,,,,,,,,,,,,,,,,,,,,,,,,,,,,,,,,,,
BVM BREWERY,Rousse,BVMRousse,Rousse,Amber,PaleAle,American,Ale,2.95,169,NA,,,,,,,,,,,,,,,,,,,,,,,,,,,,,,,,,,,,,,,,,,,,,,,,,,,,,,,,,,,,,,,,,,,,,,,,,,,,,,,,,,,,,,,,,,,,,,,,,,,,,,,,,,,,,,,,,,
BW,Sein d'esprit,BWSeinDEsprit,Blanche,Hefeweizen,Weissbier,German,Ale,3.46,621,NA,,,,,,,,,,,,,,,,,,,,,,,,,,,,,,,,,,,,,,,,,,,,,,,,,,,,,,,,,,,,,,,,,,,,,,,,,,,,,,,,,,,,,,,,,,,,,,,,,,,,,,,,,,,,,,,,,,
Frampton brasse,Nuit d'automne,FramptonBrasseNuitdAutomne,Brown,Brown,Dark/Brown,,Ale,3.78,1089,70,,,,,,,,,,,,,,,,,,,,,,,,,,,,,,,,,,,,,,,,,,,,,,,,,,,,,,,,,,,,,,1,,,,,,,,,,,,,,,,,,,,,,,,,,,,,,,,,Brown341,,,,,,,,,,,,,,,,,,,
Frampton brasse,Sieur de Léry,FramptonBrasseSieurLery,Pilsner,Pilsner,Pilsner,German,Lager,3.3,488,NA,,,,,,,,,,,,,,,,,,,,,,,,,,,,,,,,,,,,,,,,,,,,,,,,,,,,,,,,,,,,,,,,,,,,,,,,,,,,,,,,,,,,,,,,,,,,,,,,,,,,,,,,,,,,,,,,,,
HELM microbrasserie,Bernard,HelmBernard,APA,APA,PaleAle,American,Ale,3.44,1139,NA,,,,,,,,,,,,,,,,,,,,,,,,,,,,,,,,,,,,,,,,,,,,,,,,,,,,,,,,,,,,,,,,,,,,,,,,,,,,,,,,,,,,,,,,,,,,,,,Draft,,,,,,,,,,,,,,,,,,,
HELM microbrasserie,Bloomfield,HelmBloomfield,BlancheBle,Hefeweizen,Weissbier,German,Ale,3.55,94,NA,,,,,,,,,,,,,,,,,,,,,,,,,,,,,,,,,,,,,,,,,,,,,,,,,,,,,,,,,,,,,,,,,,,,,,,,,,,,,,,,,,,,,,,,,,,,,,,Draft,,,,,,,,,,,,,,,,,,,
HELM microbrasserie,Casgrainator,HelmCasgrainator,Doppelbock,Doppelbock,bock,German,Lager,3.51,31,NA,,,,,,,,,,,,,,,,,,,,,,,,,,,,,,,,,,,,,,,,,,,,,,,,,,,,,,,,,,,,,,,,,,,,,,,,,,,,,,,,,,,,,,,,,,,,,,,Draft,,,,,,,,,,,,,,,,,,,
HELM microbrasserie,Clark,HelmClark,Pilsener,Pilsner,Pilsner,German,Lager,3.31,402,NA,,,,,,,,,,,,,,,,,,,,,,,,,,,,,,,,,,,,,,,,,,,,,,,,,,,,,,,,,,,,,,,,,,,,,,,,,,,,,,,,,,,,,,,,,,,,,,,Draft,,,,,,,,,,,,,,,,,,,
HELM microbrasserie,Du parc,HelmParc,Brown,Brown,Brown,,Ale,3.47,96,NA,,,,,,,,,,,,,,,,,,,,,,,,,,,,,,,,,,,,,,,,,,,,,,,,,,,,,,,,,,,,,,,,,,,,,,,,,,,,,,,,,,,,,,,,,,,,,,,Draft,,,,,,,,,,,,,,,,,,,
HELM microbrasserie,Esplanade,HelmEsplanade,Blonde,Blonde,PaleAle,American,Ale,3.27,61,NA,,,,,,,,,,,,,,,,,,,,,,,,,,,,,,,,,,,,,,,,,,,,,,,,,,,,,,,,,,,,,,,,,,,,,,,,,,,,,,,,,,,,,,,,,,,,,,,Draft,,,,,,,,,,,,,,,,,,,
HELM microbrasserie,Fairmount,HelmFairmount,CreamAle,CreamAle,CreamAle,,Ale,3.35,125,NA,,,,,,,,,,,,,,,,,,,,,,,,,,,,,,,,,,,,,,,,,,,,,,,,,,,,,,,,,,,,,,,,,,,,,,,,,,,,,,,,,,,,,,,,,,,,,,,Draft,,,,,,,,,,,,,,,,,,,
HELM microbrasserie,Hutchi-blanco,HelmHutchiblanco,IPABlanche,IPA,PaleAle,,Ale,3.57,29,50,,,,,,,,,,,,,,,,,,,,,,,,,,,,,,,,,,,,,,,,,,,,,,,,,,,,,,,,,,,,,,,,,,,,,,,,,,,,,,,,,,,,,,,,,,,,,,,Draft,,,,,,,,,,,,,,,,,,,
HELM microbrasserie,Hutchi-blondi,HelmHutchiBlondie,APA,APA,PaleAle,American,Ale,3.74,209,NA,,,,,,,,,,,,,,,,,,,,,,,,,,,,,,,,,,,,,,,,,,,,,,,,,,,,,,,,,,,,,,,,,,,,,,,,,,,,,,,,,,,,,,,,,,,,,,,Draft,,,,,,,,,,,,,,,,,,,
HELM microbrasserie,Mild thing,HelmMildThing,MildDark,Mild,Mild,English,Ale,3.66,17,18,,,,,,,,,,,,,,,,,,,,,,,,,,,,,,,,,,,,,,,,,,,,,,,,,,,,,,,,,,,,,,,,,,,,,,,,,,,,,,,,,,,,,,,,,,,,,,,Draft,,,,,,,,,,,,,,,,,,,
HELM microbrasserie,Smash,HelmSmash,Amber,ViennaLager,ViennaLager,German,Lager,NA,NA,NA,,,,,,,,,,,,,,,,,,,,,,,,,,,,,,,,,,,,,,,,,,,,,,,,,,,,,,,,,,,,,,,,,,,,,,,,,,,,,,,,,,,,,,,,,,,,,,,Draft,,,,,,,,,,,,,,,,,,,
HELM microbrasserie,St-Viateur,HelmStViateur,OatmealStout,Stout,Stout,,Ale,3.55,165,NA,,,,,,,,,,,,,,,,,,,,,,,,,,,,,,,,,,,,,,,,,,,,,,,,,,,,,,,,,,,,,,,,,,,,,,,,,,,,,,,,,,,,,,,,,,,,,,,Draft,,,,,,,,,,,,,,,,,,,
HELM microbrasserie,Sure la brosse,HelmSurelabrosse,BerlinerWeisse,BerlinerWeisse,Weissbier,German,Ale,3.69,63,NA,,,,,,,,,,,,,,,,,,,,,,,,,,,,,,,,,,,,,,,,,,,,,,,,,,,,,,,,,,,,,,,,,,,,,,,,,,,,,,,,,,,,,,,,,,,,,,,Draft,,,,,,,,,,,,,,,,,,,
HELM microbrasserie,Van Horne,HelmVanHorne,Bitter,Bitter,PaleAle,English,Ale,3.4,174,55,,,,,,,,,,,,,,,,,,,,,,,,,,,,,,,,,,,,,,,,,,,,,,,,,,,,,,,,,,,,,,,,,,,,,,,,,,,,,,,,,,,,,,,,,,,,,,,Draft,,,,,,,,,,,,,,,,,,,
Hopera,American brown ale,HoperaBrownAle,Brown,Brown,Brown,American,Ale,3.54,301,33,,,,,,,,,,,,,,,,,,,,,,,,,,,,,,,,,,,,,,,,,,,,,,,,,,,,,,,,,,,,,,,,,,,,,,,,,,,,,,,,,,,,,,,,,,,,,,,,,,,,,,,,,,,,,,,,,,
Hopfenstark,Gose,HopfenstarkGose,Gose,Gose,Weissbier,German,Ale,3.43,233,NA,,,,,,,,,,,,,,,,,,,,,,,,,,,,,,,,,,,,,,,,,,,,,,,,,,,,,,,,,,,,,,,,,,,,,,,,,,,,,,,,,,,,,,,,,,,,,,,Brown375,,,,,,,,,,,,,,,,,,,
Labatt,Bleu,LabattBleu,Pilsner,Pilsner,Pilsner,,Lager,2.88,92642,12,,,,,,,,,,,,,,,,,,,,,,,,,,,,,,,,,,,,,,,,,,,,,,,,,,,,,,,,,,,,,,,,,,,,,,,,,,,,,,,,,,,,,,,,,,,,,,,,,,,,,,,,,,,,,,,,,,
L'Espace Public-Brasseurs De Quartier,Bière de balcon,EspacePubliqueBalconFut,Sour,Sour,Lambic,,Ale,3.63,1294,NA,,,,,,,,,,,,,,,,,,,,,,,,,,,,,,,,,,,,,,,,,,,,,,,,,,,,1,,,,,,,,,,,,,,,,,,,,,,,,,,,,,,,,,,,,,,,,,,,Can,VOLUME???,,,,,,,,,,,,,,,,,,
L'Espace Public-Brasseurs De Quartier,Bière de balcon,EspacePubliqueBalcon,Sour,Sour,Lambic,,Ale,3.63,1294,NA,,,,,,,,,,,,,,,,,,,,,,,,,,,,,,,,,,,,,,,,,,,,,,,,,,,,,,,,,,,,,,,,,,,,,,,,,,,,,,,,,,,,,,,,,,,,,,,Draft,,,,,,,,,,,,,,,,,,,
L'Espace Public-Brasseurs De Quartier,Bière de gazebo,EspacePubliqueGazebo,Gruit,Farmhouse,Cervoise,Belgian,Ale,3.73,406,NA,,,,,,,,,,,,,,,,,,,,,,,,,,,,,,,,,,,,,,,,,,,,,,,,,,,,,,,,,,,,,,,,,,,,,,,,,,,,,,,,,,,,,,,,,,,,,,,Brown500,,,,,,,,,,,,,,,,,,,
Le corsair microbrasserie,Porter,CorsairPorter,PorterBaltique,Porter,Porter,,Ale,3.96,47,NA,,,,,,,,,,,,,,,,,,,,,,,,,,,,,,,,,,,,,1,,,,,,,,,,,,,,,,,,,,,,,,,1,1,,,1,,,,,1,,,,,,,,,,,,,,,,,,,,,,,,Can473,,,,,,,,,,,,,,,,,,,
Le Saint Bock,Malédiction,StBockMalediction,MilkStout,MilkStout,Stout,,Ale,3.86,1539,NA,,,,,,,,,,,,,,,,,,,,,,,,,,,,,,,,,,,,,,,,,,,,,,,,,,,,,,,,,,,,,,,,,,,,,,,,,,,,,,,,,,,,,,,,,,,,,,,,,,,,,,,,,,,,,,,,,,
Les brasseurs du Nord,Blanche,BorealeBlanche,Blanche,Witbier,Witbier,Belgian,Ale,3.23,2666,NA,,,,,,,,,,,,,,,,,,,,,,,,,,,,,,,,,,,,,,,,,,,,,,,,,,,,,,,,,,,,,,,,,,,,,,,,,,,,,,,,,,,,,,,,,,,,,,,Brown341,,,,,,,,,,,,,,,,,,,
Les brasseurs du Nord,Blonde,BorealeBlonde,Blonde,Blonde,Blonde,,Ale,3.14,4100,25,,,,,,,,,,,,,,,,,,,,,,,,,,,,,,,,,,,,,,,,,,,,,,,,,,,,,,,,,,,,,,,,,,,,,,,,,,,,,,,,,,,,,,,,,,,,,,,,,,,,,,,,,,,,,,,,,,
Les brasseurs du Nord,Cuivree,BorealeCuivree,StrongAle,StrongAle,StrongPaleAle,American,Ale,3.3,987,NA,,,,,,,,,,,,,,,,,,,,,,,,,,,,,,,,,,,,,,,,,,,,,,,,,,,,,,,,,,,,,,,,,,,,,,,,,,,,,,,,,,,,,,,,,,,,,,,,,,,,,,,,,,,,,,,,,,
Les brasseurs du Nord,Double blanche du lac,BorealeDoubleBlanche,DoubleBlanche,Witbier,Witbier,,,3.46,1322,30,,,,,,,,,,,,,,,,,,,,,,,,,,,,,,,,,,,,,,,,,,,,,,,,,,,,,,,,,,,,,,,,,,,,,,,,,,,,,,,,,,,,,,,,,,,,,,,Brown341,,,,,,,,,,,,,,,,,,,
Les brasseurs du Nord,IPA,BorealeIPA,APA,APA,PaleAle,American,Ale,3.45,6430,50,,,,,,,,,,,,,,,,,,,,,,,,,,,,,,,,,,,,,,,,,,,,,,,,,,,,,,,,,,,,,,,,,,,,,,,,,,,,,,,,,,,,,,,,,,,,,,,Brown341,,,,,,,,,,,,,,,,,,,
Les brasseurs du Nord,Rousse,BorealeRousse,Rousse,Amber,PaleAle,American,Ale,3.29,5057,NA,,,,,,,,,,,,,,,,,,,,,,,,,,,,,,,,,,,,,,,,,,,,,,,,,,,,,,,,,,,,,,,,,,,,,,,,,,,,,,,,,,,,,,,,,,,,,,,Brown341,,,,,,,,,,,,,,,,,,,
les frères houblon,Saint-Severe,LesFreresHoublonSaintSeverePasseeDate,Farmhouse,Farmhouse,Farmhouse,,Ale,3.09,209,50,,,,,,,,,,,,,,,,,,,,,,,,,,,,,,,,,,,,,,,,,,,,,,,,,,,,,,,,,,,,,,,,,,,,,,,,,,,,,,,,,,,,,,,,,,,,,,,,,,,,,,,,,,,,,,,,,,
Loup rouge,WSW,LoupRougeWitbier,BlancheBle,Witbier,Witbier,Belgian,Ale,3.41,268,17,,,,,,,,,,,,,,,,,,,,,,,,,,,,,,,,,,,,,,,,,,,,,,,,,,,,,,,,,,,,,,,,,,,,,,,,,,,,,,,,,,,,,,,,,,,,,,,,,,,,,,,,,,,,,,,,,,
Micro Brasserie Le Grimoire ,Armure,GrimoireArmure,Fruit,Fruit,Lambic,,Ale,3.28,298,NA,,,,,,,,,,,,,,,,,,,,,,,,,,,,,,,,,,,,,,,,,,,,,,,,,,,,,,,,,1,,,,,,,,1,,,,,,,,,,,,,,,,,,,,,,,,,,,,,,,,,,,,,,,,,,,,,,,,,
Micro Brasserie Le Grimoire ,Goliath,GrimoireGoliath,Brown,Brown,Brown,American,Ale,3.2,416,NA,,,,,,,,,,,,,,,,,,,,,,,,,,,,,,,,,,,,,,,,,,,,,,,,,,,,,,,,,,,,,,1,,,,,,,,,,,,,,,,,,,,,,,,,,,,,,,,,Brown500,,,,,,,,,,,,,,,,,,,
Micro Brasserie Le Grimoire ,Vitale,GrimoireVitale,Fruit,Fruit,Lambic,,Ale,2.99,229,NA,,,,,,,,,,,,,,,,,,,,,,,,,,,,,,,,,,,,,,,,,,,,,,,,,,,,,,,,,,,,,,,,,,,,,,,,,,,,,,,,,,,,,,,,,,,,,,,,,,,,,,,,,,,,,,,,,,
Micro-Brasserie L'Alchimiste,Ecossaise,AlchimisteEcossaise,Scotch,Scotch,StrongPaleAle,Scotish,Ale,3.32,1815,NA,,,,,,,,,,,,,,,,,,,,,,,,,,,,,,,,,,,,,,,,,,,,,,,,,,,,,,,,,,,,,,,,,,,,,,,,,,,,,,,,,,,,,,,,,,,,,,,,,,,,,,,,,,,,,,,,,,
Micro-Brasserie L'Alchimiste,IPA,AlchimisteIPA,IPA,IPA,PaleAle,English,Ale,3.23,2533,45,,,,,,,,,,,,,,,,,,,,,,,,,,,,,,,,,,,,,,,,,,,,,,,,,,,,,,,,,,,,,,,,,,,,,,,,,,,,,,,,,,,,,,,,,,,,,,,Brown341,,,,,,,,,,,,,,,,,,,
Micro-Brasserie L'Alchimiste,Rousse,AlchimisteRousse,Rousse,Amber,PaleAle,American,Lager,3.27,301,NA,,,,,,,,,,,,,,,,,,,,,,,,,,,,,,,,,,,,,,,,,,,,,,,,,,,,,,,,,,,,,,1,,,,,,,,,,,,,,,,,,,,,,,,,,,,,,,,,Brown341,,,,,,,,,,,,,,,,,,,
Microbrasserie du Lac St-Jean,Guimbarde,LSJGuimbarde,APA,APA,PaleAle,American,Ale,3.69,145,NA,,,,,,,,,,,,,,,,,,,,,,,,,,,,,,,,,,,,,,,,,,,,,,,,,,,,,,,,,,,,,,,,,,,,,,,,,,,,,,,,,,,,,,,,,,,,,,,Draft,INTROUVABLE EN LIGNE,,,,,,,,,,,,,,,,,,
Microbrasserie  Les Grands Bois,Super Pause,LGBSuperPause,APA,APA,PaleAle,American,Ale,3.84,1615,NA,,,,,,,,,,,,,,,,,,,,,,,,,,,,,,,,,,,,,,,,,,,,,,,,,,,,,,,,,,,,,,,,,,,,,,,,,,,,,,,,,,,,,,,,,,,,,,,,,,,,,,,,,,,,,,,,,,
Microbrasserie Berthiaume,L'eau claire,DomaineBerthiaumeLEauClaire,Tripel,Tripel,Blonde,Belgian,Ale,3.6,100,NA,,,,,,,,,,,,,,,,,,,,,,,,,,,,,,,,,,,,,,,,,,,,,,,,,,,,,,,,,,,,,,,,,,,,,,,,,,,,,,,,,,,,,,,,,,,,,,,,,,,,,,,,,,,,,,,,,,
Microbrasserie charlevoix,Dominus Vobiscum Triple,CharlevoixDominusTriple,Blonde,Blonde,StrongPaleAle,Belgian,Ale,3.81,2225,NA,,,,,,,,,,,,,,,,,,,,,,,,,,,,,,,,,,,,,,,,,,,,,,,,,,,,,,,,,,,,,,,,,,,,,,,,,,,,,,,,,,,,,,,,,,,,,,,Brown500,,,,,,,,,,,,,,,,,,,
microbrasserie charlevoix,Dominus vobiscum-blanche,CharlevoixDominusBlanche,BlancheBle,Witbier,Witbier,,Ale,3.71,2454,12,,,,,,,,,,,,,,,,,,,,,,,,,,1,1,,,,,,,,,,,,,,,,,,,,,,1,,,,,,,,,,,,,,,,,,,,,,,,,,,,,,,,,,,,,,,,,,,,,,,,,,,,,,,,,,,,,,,,,
Microbrasserie charlevoix,IPA,CharlevoixIPA,IPABelge,IPA,PaleAle,Belgian,Ale,3.63,809,60,,,,,,,,,,,,,,,,,,,,,,,,,,,,,,,,,,,,,,,,,,,,,,,,,,,,,,,,,,,,,,,,,,,,,,,,,,,,,,,,,,,,,,,,,,,,,,,Brown500,,,,,,,,,,,,,,,,,,,
Microbrasserie charlevoix,Imperiale Stout,CharlevoixImperialeStout,MilkStout,MilkStout,Stout,,Ale,3.89,4852,27,,,,,,,,,,,,,,,,,,,,,,,,,,,,,,,,,,,,,,,,,,,,,,,,,,,,,,,,,,,,,,,,,,,,,,,,,,,,,,,,,,,,,,,,,,,,,,,,,,,,,,,,,,,,,,,,,,
Microbrasserie des Beaux Prés,Grosse-Île,MBPGrosseIle,Rousse,Rousse,Rousse,Irish,Ale,3.51,144,NA,,,,,,,,,,,,,,,,,,,,,,,,,,,,,,,,,,,,,,,,,,,,,,,,,,,,,,,,,,,,,,,,,,,,,,,,,,,,,,,,,,,,,,,,,,,,,,,,,,,,,,,,,,,,,,,,,,
Microbrasserie Dieu Du Ciel,Blanche du paradis,DDCBlanche du paradis,Blanche,Witbier,Witbier,Belgian,Ale,3.68,6432,NA,,,,,,,,,,,,,,,,,,,,,,,,,,,1,,1,,,,,,,,,,,,,,,,,,,,,,,,,,,,,,,,,,,,,,,,,,,,,,,,,,,,,,,,,,,,,,,,,,"ÉCHANTILLON PERDU, À REFAIRE",,,,,,,,,,,,,,,,,,,
Microbrasserie Dieu Du Ciel,Corne du diable,DDCCorneduDiable,IPA,IPA,PaleAle,English,Ale,3.67,8969,50,,,,,,,,,,,,,,,,,,,,,,,,,,,,,,,,,,,,,,,,,,,,,,,,,,,,,,,,,,,,,,,,,,,,,,,,,,,,,,,,,,,,,,,,,,,,,,,Brown341,,,,,,,,,,,,,,,,,,,
Microbrasserie Dieu Du Ciel,Équinoxe du printemps,DDCEquinoxeduPrintemps,WeeHeavy,Scotch,StrongPaleAle,Scotish,Ale,3.8,8565,NA,,,,,,,,,,,,,,,,,,,,,,,,,,,,,,,,,,,,,,,,,,,,,,,,,,,,,,,,,,,,,,,,,,,,,,,,,,,,,,,,,,,,,,,,,,,,,,,Brown341,,,,,,,,,,,,,,,,,,,
Microbrasserie Dieu Du Ciel,Moralité,DDCMoralite,APA,APA,PaleAle,American,Ale,4.03,17007,100,,,,,,,,,,,,,,1,1,,,,,,,,,1,,,,,,,,,,,,,,,,,,,,,,,,,,,,,,,,,,,,,,,,,,,,,,,,,,,,,,,,,,,,,,,,,,,,,,,Brown341,,,,,,,,,,,,,,,,,,,
Microbrasserie Dieu Du Ciel,P'tit blanc,DDCPtitbBlanc,BlancheBle,Witbier,Witbier,,Ale,3.53,2036,NA,,,,,,,,,,,,,,,,,,,,,,,,,,,1,,,,,,,,,,,,,,,,,,,,,,,,,,,,,1,,1,,,,,,,,,,,,,,,,,,,,,,,,,,,,,,,,,,,,,,,,,,,,,,,,,,,,,,,,
Microbrasserie Dieu Du Ciel,Pénombre,DDCPenombre,BlackIPA,IPA,PaleAle,,Ale,3.71,4689,NA,,,,,,,,,,,,,,,,,,,,,,,,,,,,,,,,,,,,,,,,,,,,,,,,,,,,,,,,,,,,,,,,,,,,,,,,,,,,,,,,,,,,,,,,,,,,,,,Brown341,,,,,,,,,,,,,,,,,,,
Microbrasserie Dieu Du Ciel,Rigor mortis,DDCRigorMortis,Quadrupel,Quadrupel,StrongDarkAle,Belgian,Ale,3.89,12625,NA,,,,,,,,,,,,,,,,,,,,,,,,,,,,,,,,,,,,,,,1,,,,,,,,,,,,,,,,1,,,,,,,,,,,,,,,,,,,,,,,,,,,,,,,,,,,,,,,,Brown341,,,,,,,,,,,,,,,,,,,
Microbrasserie Dieu Du Ciel,Rosée d'Hibiscus,DDCRoseedHibiscus,BlancheBle,Witbier,Witbier,,Ale,3.64,17298,NA,,,,,,,,,,,,,,,,,,,,,,,,,,,,,,,1,,,,,,,,,,,,,,,,,,,,,,,,,,,,,,,,,,,,,,,,,,,,,,,,,,,,,,,,,,,,,,,,Brown341,,,,,,,,,,,,,,,,,,,
Microbrasserie Dieu Du Ciel,Rousse,DDCRousse,Rousse,Rousse,,,,,,,,,,,,,,,,,,,,,,,,,,,,,,,,,,,,,,,,,,,,1,,,,1,1,,,,,,,,,,,1,,,,,,,,1,,,,,,,,,,,,,,,,1,,,1,,,,,1,1,,,,,,,,Brown500,,,,,,,,,,,,,,,,,,,
Microbrasserie Dieu Du Ciel,Routes des épices,DDCRoutesdesEpices,Roggenbier,Roggenbier,Roggenbier,German,Ale,3.59,8315,NA,,,,,,,,,,,,,,,,,,,,,,,,,,,,,,1,,,,1,,,,,,,,,,1,,,,,,,,,,,,,,,,,,,,,,,,,,,,,,,,,,,,,,,,,,,,,,,,,,,Brown341,,,,,,,,,,,,,,,,,,,
Microbrasserie Dieu Du Ciel,Sentinelle,DDCSentinelle,Kolsch,Kolsch,Kolsch,German,Ale,3.45,1894,NA,,,,,,,,,,,,,,,,,,,,,,,,,,,,,,,,,,,,,,,,,,,,,,,,,,,,,,1,,,,,,,,,,,,,,,,,,,,,,,,,,,,,,,,,,,,,,,,,Brown341,,,,,,,,,,,,,,,,,,,
Microbrasserie Dieu Du Ciel,Solstice d'été,DDCSolsticeDete,Sour,BerlinerWeisse,Weissbier,German,Ale,4.05,11492,NA,,,,,,,,,,,,,,,,,,,,,,,,,,,,,,,,,,,,,,,,,,,,,,,,,,,,,,,,,,,,,,,,,,,,,,,,,,,,,,,,,,,,,,,,,,,,,,,,,,,,,,,,,,,,,,,,,,
Microbrasserie du Lac St-Jean,Beluette,,Sour,Sour,Lambic,,Ale,3.5,551,NA,,,,,,,,,,,,,,,,,,,,,,,,,,,,,,,,,,,,,,,,,,,,,,,,,,,,,,,,,,,,,,,,,,,,,,,,,,,,,,,,,,,,,,,,,,,,,,,,,,,,,,,,,,,,,,,,,,
Microbrasserie du Lac St-Jean,gros mollet,LSJGrosMollet,Brown,Brown,StrongDarkAle,Belgian,Ale,3.75,1308,NA,,,,,,,,,,,,,,,,,,,,,,,,,,,,,,,,,,,,,,,,,,,,,,,,,,,,,,,,,,,,,,,,,,,,,,,,,,,,,,,,,,,,,,,,,,,,,,,,,,,,,,,,,,,,,,,,,,
Microbrasserie du Lac St-Jean,Tante Tricotante,LSJTanteTricotante,Tripel,Tripel,StrongPaleAle,Belgian,Ale,3.72,1359,NA,,,,,,,,,,,,,,,,,,,,,,,,,,,,,,,,,,,,,,,,,,,,,,,,,,,,,,,,,,,,,,,,,,,,,,,,,,,,,,,,,,,,,,,,,,,,,,,,,,,,,,,,,,,,,,,,,,
Microbrasserie l'Arsenal,Canonnier,ArsenalSaisonNoireFut,Farmhouse,Farmhouse,Farmhouse,,Ale,3.41,235,24,,,,,,,,,,,,,,,,,,,,,,,,,,,,,,,,,,,,,,,,,,,,,,,,,,,,,,,,,,,,,,,,,,,,,,,,,,,,,,,,,,,,,,,,,,,,,,,Draft,,,,,,,,,,,,,,,,,,,
Microbrasserie La Chouape,Rousse,ChouapeRousse,Rousse,Rousse,Rousse,Irish,Ale,3.54,536,NA,,,,,,,,,,,,,,,,,,,,,,,,,,,,,,,,,,,,,,,,,,,,,,,,,,,,,,,,,,,,,,,,,,,,,,,,,,,,,,,,,,,,,,,,,,,,,,,,,,,,,,,,,,,,,,,,,,
Microbrasserie Le BockAle,drummond,BockaleIPABlanche,IPABlanche,IPA,PaleAle,German,Ale,3.55,971,60,,,,,,,,,,,,,,,,,,,,,,,,,,1,1,,,,,,,,,,,,,,,,,,,,,,,,,,,,,,,,,,,,,,,,,,,,,,,,,,,,,,,,,,,,,,,,,,,,,,,,,,,,,,,,,,,,,,,
Microbrasserie Le BockAle,Scotch Ale,BockaleScotchAle,WeeHeavy,Scotch,StrongPaleAle,Scotish,Ale,3.77,476,45,,,,,,,,,,,,,,,,,,,,,,,,,,,,,,,,,,,,,,,,,,,,,,,,,,,,,,,,,,,,,,,,,,,,,,,,,,,,,,,,,,,,,,,,,,,,,,,Brown341,,,,,,,,,,,,,,,,,,,
Microbrasserie Le Castor,Sanctuaire,LeCastorSanctuaire,Tripel,Tripel,StrongPaleAle,Belgian,Ale,3.87,679,NA,,,,,,,,,,,,,,,,,,,,,,,,,,,,,,,,,,,,,,,,,,,,,,,,,,,,,,,,,,,,,,,,,,,,,,,,,,,,,,,,,,,,,,,,,,,,,,,Brown500,,,,,,,,,,,,,,,,,,,
Microbrasserie Le Castor,Session houblon,LeCastorSessionHoublon,SessionIPA,IPA,PaleAle,,Ale,3.93,2389,NA,,,,,,,,,,,,,,,,,,,,,,,,,,,,,,,,,,,,,,,,,,,,,,,,,,,,,,,,,,,,,,,,,,,,,,,,,,,,,,,,,,,,,,,,,,,,,,,Brune660,,,,,,,,,,,,,,,,,,,
Microbrasserie Le Castor,Wee Heavy Speyside,CastorWeeHeavySpeyside,WeeHeavy,Scotch,StrongPaleAle,Scotish,Ale,3.88,382,NA,,,,,,,,,,,,,,,,,,,,,,,,,,,,,,,,,,,,,,,,,,,,,,,,,,,,,,,,,,,,,,,,,,,,,1,,,,,,,,,,,,,,,,,,,,,,,,,,Brown660,,,,,,,,,,,,,,,,,,,
Microbrasserie Le Castor,Yakima,LeCastorYakima,APA,APA,PaleAle,American,Ale,4.08,7871,75,,,,,,,,,,,,,,,,,,,,,,,,,,,,,,,,,,,,,,,,,,,,,,,,,,,,,,,,,,,,,,,,,,,,,,,,,,,,,,,,,,,,,,,,,,,,,,,Brune660,,,,,,,,,,,,,,,,,,,
Microbrasserie Le Castor,,LeCastorFarmhouseHoublonSaison,Farmhouse,Farmhouse,Farmhouse,,Ale,3.81,1065,NA,,,,,,,,,,,,,,,,,,,,,,,,,,,,,,,,,,,,,,,,,,,,,,,,,,,,,,,,,,,,,,,,,,,,,,,,,,,,,,,,,,,,,,,,,,,,,,,,,,,,,,,,,,,,,,,,,,
Microbrasserie Le Naufrageur,Colborne,NaufrageurColborne,Rousse,Amber,PaleAle,American,Ale,3.52,987,26,,,,,,,,,,,,,,,,,,,,,,,,,,,,,,,,,,,,,,,,,,,,,,,,,,,,,,,,,,,,,,,,,,,,,,,,,,,,,,,,,,,,,,,,,,,,,,,,,,,,,,,,,,,,,,,,,,
Microbrasserie Le Naufrageur,L'etape du phare,NaufrageurLEtapeduPhare,SessionIPA,IPA,PaleAle,,Ale,3.47,709,27,,,,,,,,,,,,,,,,,,,,,,,,,,,,,,,,,,,,,,,,,,,,,,,,,,,,,,,,,,,,,,,,,,,,,,,,,,,,,,,,,,,,,,,,,,,,,,,,,,,,,,,,,,,,,,,,,,
Microbrasserie Le Naufrageur,Brigantin,NaufrageurBrigantin,Rousse,Amber,PaleAle,American,Ale,3.47,300,38,,,,,,,,,,,,,,,,,,,,,,,,,,,,,,,,,,,,,,,,,,,,,,,,,,,,,,,,,,,,,,,,,,,,,,,,,,,,,,,,,,,,,,,,,,,,,,,,,,,,,,,,,,,,,,,,,,
Microbrasserie Le Trou du diable,Boisson d'avril,TDDBoissonDavril,Kellerbier,Kellerbier,Kellerbier,German,Lager,3.57,877,NA,,,,,,,,,,,,,,,,,,,,,,,,,,,,,,,,,,,,,,,,,,,,,,,,,,,,,,,,,,,,,,,,,,,,,,,,,,,,,,,,,,,,,,,,,,,,,,,,,,,,,,,,,,,,,,,,,,
Microbrasserie Le Trou du diable,La butteuse,,Tripel,Tripel,StrongPaleAle,Belgian,Ale,3.92,6405,60,,,,,,,,,,,,,,,,,,,,,,,,,,,,,,,,,,,,,,,,,,,,,,,,,,,,,,,,,,,,,,,,,,,,,,,,,,,,,,,,,,,,,,,,,,,,,,,,,,,,,,,,,,,,,,,,,,
Microbrasserie Le Trou du diable,Le Sang d'encre,TdDSangdEncre,IrishStout,Stout,Stout,Irish,Ale,3.73,6377,45,,,,,,,,,,,,,,,,,,,,,,,,,,1,,,,,,,,,,,1,,,,,1,,,,,,,,,,,,,,,,,,,,,1,,,,,,,,,,,,,,,,,,,,,,,,,,,,,,,,Brown600,,,,,,,,,,,,,,,,,,,
Microbrasserie Le Trou du diable,Saison du tracteur,TdDSaisonDuTracteur,Farmhouse,Farmhouse,Farmhouse,,Ale,3.74,12971,35,,,,,,,,,,,,,,,,,,,,,,,,,,,,,,,,,,,,,,,,,,,,,,,,,,,,,,,,,,,,,,,,,,,,,,,,,,,,,,,,,,,,,,,,,,,,,,,,,,,,,,,,,,,,,,,,,,
Microbrasserie Les Trois Mousquetaires,APA,LTMAPA,APA,APA,PaleAle,American,Ale,3.56,1923,42,,,,,,,,,,,,,,,,,,,,,,,,,,,,,,,,,,,,,,,,,,,,,,,,,,,,,,,,,,,,,,,,,,,,,,,,,,,,,,,,,,,,,,,,,,,,,,,Brown341,,,,,,,,,,,,,,,,,,,
Microbrasserie Les Trois Mousquetaires,Gose,LTMGose,Gose,Gose,Weissbier,German,Ale,3.55,6968,9,,,,,,,,,1,,,,,,,,,,,,,,,,,,1,,,,,,,,,,,,,1,,,,,,,1,,,,,,,,,,,,1,,,,,,,,,,,,,,,1,,,1,,,,,,,,,,,,,,,,,1,Brown375,,,,,,,,,,,,,,,,,,,
Microbrasserie Les Trois Mousquetaires,Grande cuvée,LTMGrandeCuvee,PorterBaltique,Porter,Porter,,Lager,4.37,1946,30,1,1,,,,,,1,1,,,,1,,,,,,1,,,,1,,,,1,1,1,,,,,,,1,,,,,,,,,,,,,,,,,,,,,,,,,,,,1,,1,1,1,,,,,,,,,,1,,,,,,,,,,,,,,,1,,Brown750,,,,,,,,,,,,,,,,,,,
Microbrasserie Les Trois Mousquetaires,Porter baltic,LTMPorterBaltique,PorterBaltique,Porter,Porter,,Lager,4.09,9003,27,,,,,,,,,,,,,,,,,,,,,,,,,,,,,,,,,,,,,,,,,,,,,,,,,,,,,,,,,,,,,,,,,,,,,,,,,,,,,,,,,,,,,,,,,,,,,,,Draft,,,,,,,,,,,,,,,,,,,
Microbrasserie Les Trois Mousquetaires,Saison Brett,LTMSaisonBrettFut,FarmhouseBrett,Farmhouse,Farmhouse,Belgian,Ale,3.87,4206,35,,,,,,,,,,,,,,,,,,,,,,,,,,,,,,,,,,,,,,,,,,,,,,,,,,,,,,,,,,,,,,,,,,,,,,,,,,,,,,,,,,,,,,,,,,,,,,,Brown750,,,,,,,,,,,,,,,,,,,
Microbrasserie Les Trois Mousquetaires,Saison Brett,LTMSaisonBrett,FarmhouseBrett,Farmhouse,Farmhouse,Belgian,Ale,3.87,4206,35,,,,,,,,,,,,,,,,,,,,,,,,,,,,,,,,,,,,,,,,,,,,,,,,,,,,,,,,,,,,,,,,,,,,,,,,,,,,,,,,,,,,,,,,,,,,,,,Draft,,,,,,,,,,,,,,,,,,,
Microbrasserie Les Trois Mousquetaires,Stick alt,LTMStickaltFut,Brown,Altbier,Altbier,German,Lager,3.55,2861,74,,,,,,,,,,,,,,,,,,,,,,,,,,,,,,,,,,,,,,,,,,,,,,,,,,,,,,,,,,,,,,,,,,,,,,,,,,,,,,,,,,,,,,,,,,,,,,,Draft,,,,,,,,,,,,,,,,,,,
Microbrasserie Les Trois Mousquetaires,Maibock,LTMMaibock,Blonde,Maibock,Bock,German,Lager,3.55,3156,26,,,,,,,,,,,,,,,,,,,,,,,,,,,,,,,,,,,,,,,,,,,,,,,,,,,,,,,,,,,,,,,,,,,,,,,,,,,,,,,,,,,,,,,,,,,,,,,,,,,,,,,,,,,,,,,,,,
Microbrasserie Les Trois Mousquetaires,Rousse,LTMRousse,Amber,ViennaLager,ViennaLager,German,Lager,3.24,476,19,,,,,,,,,,,,,,,,,,,,,,,,,,,,,,,,,,,,,,,,,,,,,,,,,,,,,,,,,,,,,,,,,,,,,,,,,,,,,,,,,,,,,,,,,,,,,,,,,,,,,,,,,,,,,,,,,,
microbrasserie nouvelle-france,Ambree de sarrasin,NouvelleFranceAmbreeDeSarrasin,Reb,Amber,PaleAle,American,Ale,3.16,174,NA,,,,,,,,,,,,,,,,,,,,,,,,,,,,,,,,,,,,,,,,,,,,,,,,,,,,,,,,,,,,,,,,,,,,,,,,,,,,,,,,,,,,,,,,,,,,,,,,,,,,,,,,,,,,,,,,,,
Microbrasserie Pit Caribou,Blanche de pratto,PitCaribouBlanchedePrato,BlancheBle,Witbier,Witbier,,Ale,3.66,1738,17,,,,,,,,,,,,,,,,,,,,,,,,,,,,,,,,1,,,,,,,,,,,,,,,,,,,,,,,,,,,,,,,,,,,,,,,,,,,,,,,,,,,,,,,,,,,,,,,Brown500,,,,,,,,,,,,,,,,,,,
Microbrasserie Pit Caribou,Bonne aventure,PitCaribouBonneAventure,Rousse,Rousse,Rousse,American,Ale,3.58,1979,25,,,,,,,,,,,,,,,,,,,,,,,,,,,,,,,,,,,,,,,,,,,,,,,,,,,,,,,,,,,,,,,,,,,,,,,,,,,,,,,,,,,,,,,,,,,,,,,Brown500,,,,,,,,,,,,,,,,,,,
Microbrasserie Pit Caribou,Lessep,PitCaribouLessep,SessionIPA,IPA,PaleAle,,Ale,3.84,1622,35,,,,,,,,,,,,,,,,,,,,,,,,,,,,,,,,,,,,,,,,,,,,,,,,,,,,,,,,,,,,,,,,,,,,,,,,,,,,,,,,,,,,,,,,,,,,,,,Brown500,,,,,,,,,,,,,,,,,,,
Microbrasserie Ras L'Bock,P'tite vingnenne,Ras l'bockP'tite vingnenne,Fruit,Fruit,Lambic,,Ale,3.83,102,15,,,,,,,,,,,,,,,,,,,,,,,,,,,,,,,,,,,,,,,,,,,,,,,,,,,,,,,,,,,,,,,,,,,,,,,,,,,,,,,,,,,,,,,,,,,,,,,Brown2000,,,,,,,,,,,,,,,,,,,
Microbrasserie Riverbend,Berliner Weisse,RiverbendBerlinerWeisse,Sour,BerlinerWeisse,Weissbier,German,Ale,3.48,675,19,,,,,,,,,,,,,,,,,,,,,,,,,,,,,,,,,,,,,,,,,,,,,,,,,,1,,,1,,,,,,,1,,,,,,,,,,,,,,,,,,,,,,,,,,,,,,,,,,,Can473,,,,,,,,,,,,,,,,,,,
Microbrasserie Riverbend,Kölsch Américaine,RiverbendKolsch,Kolsch,Kolsch,Kolsch,German,Lager,3.4116045,160,45,,,,,,,,,,,,,,,,,,,,,,,,,,,,,,,,,,,,,,,,,,,,,,,,,,,,,,,,,,,,,,,,,,,,,,,,,,,,,,,,,,,,,,,,,,,,,,,,,,,,,,,,,,,,,,,,,,
Microbrasserie Riverbend,Porter,RiverbendPorter,SweetPorter,Porter,Porter,,Ale,3.52,677,8,,,,,,,,,,,,,,,,,,,,,,,,,,,,,,,,,,,,,,,,,,,,,,,,,,,1,,,,,,,,,,,,1,,,,,,,,,,,,,,,,,,,,,,,,,,,,,,,,,,,,,,,,,,,,,,,,,,,
Microbrasserie Vox Populi,Anna,VoxPopuliAnna,Tripel,Tripel,StrongPaleAle,Belgian,Ale,4.03,1948,75,,,,,,,,,,,,,,,,,,,,,,,,,,,,,,,,,,,,,,,,,,,,,,,,,,,,,,,,,,,,,,,,,,,,,,,,,,,,,,,,,,,,,,,,,,,,,,,,,,,,,,,,,,,,,,,,,,
Molson coors,Belgian moon,MolsonBelgianMoon,blanche blege,blanche blege,,,,,,,,,,,,,,,,,,,,,,,,,,,,,,,,,1,,1,,,,,,,,,,,1,,,,,,,,,,,,,,,,,,,,,1,,,,,,,,,,,,,,,,,,,,,,,,,,,,,,,,,,Brown341,,,,,,,,,,,,,,,,,,,
Molson coors,Carling,MolsonCarling,Lager blonde,Lager blonde,,,,,,,,,,,,,,,,,,,,,,,,,,,,,,,,,,,,,,,,,,,,,,,,,,,,,,,,,,,,,,,,,,,,,,,,,,,,,,,,,,,,,,,,,,,,,,,,,,,,,Draft,,,,,,,,,,,,,,,,,,,
Molson coors,Carling Black Label,MolsonBlackLabel,,,,,,,,,,,,,,,,,,,,,,,,,,,,,,,,,,,,,,,,,,,,,,,,,,,,,,,,,,,,,,,,,,,,,,,,,,,,,,,,,,,,,,,,,,,,,,,,,,,,,,,,,,,,,,,,,,,,,,,,,,
Molson coors,Export,MolsonExport,,,,,,,,,,,,,,,,,,,,,,,,,,,,,,,,,,,,,,,,,,,,,,,,,,,,,,,,,,,,,,,,,,,,,,,,,,,,,,,,,,,,,,,,,,,,,,,,,,,,,,,,,,,,,,,,,,,,,,,,,,
Molson coors,Coors Light,MolsonCoorsLight,,,,,,,,,,,,,,,,,,,,,,,,,,,,,,,,,,,,,,,,,,,,,,,,,,,,,,,,,,,,,,,,,,,,,,,,,,,,,,,,,,,,,,,,,,,,,,,,,,,,,,,,,,,,,,,,,,,,,,,,,,
Monsregius,Meridia,MonsregiusMeridia,Tripel,Tripel,,,,,,,,,,,,,,,,,,,,,,,,,,,,,,,,,,,,,,,,,,,,,,,,,,,,,,,,,,,,,,,,,,,,,,,,,,,,,,,,,,,,,,,,,,,,,,,,,,,,,,,,,,,,,,,,,,,,,,,,
Multi-brasse,Amoureuse,MultiBrasseAmoureuse,Fruit,Fruit,,,,,,,,,,,,,,,,,,,,,,,,,,,,,,,,,,,,,,,,,,,,,,,,,,,,,,,,,,,,,,,,,,,,,,,,,,,,,,,,,,,,,,,,,,,,,,,,,,,,,,,,,,,,,,,,,,,,,,,,
Multi-brasse,Ruée vers Gould,MultiBrasseLaRueeVersGoulau,Scotch ale,Scotch ale,,,,,,,,,,,,,,,,,,,,,,,,,,,,,,,,,,,,,,,,,,,,,,,,,,,,,,,,,,,,,,,,,,,,,,,,,,,,,,,,,,,,,,,,,,,,,,,,,,,,,,,,,,,,,,,,,,,,,,,,
pub Bilboquet,Brown ale,BilboquetBrownAle,Brune,Brune,,,,,,,,,,,,,,,,,,,,,,,1,,,,,,,,,,,,,,,,,,,,,,,,,,,,,,,,,,,,,,,,,,,,,,,,,,,,,,,,,,,,,,,,,,,,,,,,,,,,,,Draft,,,,,,,,,,,,,,,,,,,
pub Bilboquet,Peau d'ours,BilboquetPeaudOurs,APA,APA,,,,,,,,,,,,,,,,,,,,,,,,,,,,,,,,,,,,,,,,,,,,,,,,,,,,,,,,,,,,,,,,,,,,,,,,,,,,,,,,,,,,,,,,,,,,,,,,,,,,,Draft,,,,,,,,,,,,,,,,,,,
Saint-Houblon,Hefeweizen,StHoublonHefeweizen,Blanche,Blanche,,,,,,,,,,,,,,,,,,,,,,,,,,,,,,,,,,,,,,,,,,,,,,,,,,,,,,,,,,,,,,,,,,,,,,,,,,,,,,,,,,,,,,,,,,,,,,,,,,,,,Draft,,,,,,,,,,,,,,,,,,,
Saint-Houblon,IPA belge,StHoublonIPABelge,IPA,IPA,,,,,,,,,,,,,,,,,,,,,,,,,,,,,,,,,,,,,,,,,,,,,,,,,,,,,,,,,,,,,,,,,,,,,,,,,,,,,,,,,,,,,,,,,,,,,,,,,,,,,Draft,Différence avec Cask?,,,,,,,,,,,,,,,,,,
Saint-Houblon,Vin d'orge,StHoublonVinOrge,Vin d'orge,Vin d'orge,,,,,,,,,,,,,,,,,,,,,,,,,,,,,,,,,,,,,,,,,,,,,,,,,,,,,,,,,,,,,,,,,,,,,,,,,,,,,,,,,,,,,,,,,,,,,,,,,,,,,Draft,"À vérifier, c'était fût",,,,,,,,,,,,,,,,,,
St-Arnould,Vlimeuse,StArnouldVlimeuse,,,,,,,,,,,,,,,,,,,,,,,,,,,,,,,,,,,,,,,,,,,,,,,,,,,,,,,,,,,,,,,,,,,,,,,,,,,,,,,,,,,,,,,,,,,,,,,,,,,,,,,,,,,,,,,,,,,,,,,,,,
Sutton Brouerie,Iroquois,SuttonIroquoi,Porter Robuste,Porter Robuste,,,,,,,,,,,,,,,,,,,,,,,,,,,,,,,,,,,,,,,,,,,,,,,,,,,,,,,,,,,,,,,,,,,,,,,,,,,,,,,,,,,,,,,,,,,,,,,,,,,,,Brown500,,,,,,,,,,,,,,,,,,,
Sutton Brouerie,Black Lynx,SuttonBlackLynx,,,,,,,,,,,,,,,,,,,,,,,,,,,,,,,,,,,,,,,,,,,,,,,,,,,,,,,,,,,,,,,,,,,,,,,,,,,,,,,,,,,,,,,,,,,,,,,,,,,,,,,,,,,,,,,,,,,,,,,,,,
Unibroue,Blanche de Chambly,UnibroueBlancheChambly,Blanche,Blanche,,,,,,,,,,,,,,,,,,,,,,,,,,,,,,,,,,,,,,,,,,,,,,,,,,,,,,,,,,,,,,,,,,,,,,,,,,,,,,,,,,,,,,,,,,,,,,,,,,,,,,,,,,,,,,,,,,,,,,,,
Unibroue,Fin du monde,UnibroueFinDuMonde,,,,,,,,,,,,,,,,,,,,,,,,,,,,,,,,,,,,,,,,,,,,,,,,,,,,,,,,,,,,,,,,,,,,,,,,,,,,,,,,,,,,,,,,,,,,,,,,,,,,,,,,,,,,,,,,,,,,,,,,,,
Unibroue,Ephemere Cassis,UnibroueCassis,Fruit,Fruit,,,,,,,,,,,,,,,,,,,,,,,,,,,,,,,,,,,,,,,,,,,,,,,,,,,,,,,,,,,,,,,,,,,,,,,,,,,,,,,,,,,,,,,,,,,,,,,,,,,,,,,,,,,,,,,,,,,,,,,,
Unibroue,Ephemere Framboise,UnibroueFramboise,Fruit,Fruit,,,,,,,,,,,,,,,,,,,,,,,,,,,,,,,,,,,,,,,,,,,,,,,,,,,,,,,,,,,,,,,,,,,,,,,,,,,,,,,,,,,,,,,,,,,,,,,,,,,,,,,,,,,,,,,,,,,,,,,,
Unibroue,Ephemere Pomme,UnibrouePomme,Fruit,Fruit,,,,,,,,,,,,,,,,,,,,,,,,,,,,,,,,,,,,,,,,,,,,,,,,,,,,,,,,,,,,,,,,,,,,,,,,,,,,,,,,,,,,,,,,,,,,,,,,,,,,,,,,,,,,,,,,,,,,,,,,
Unibroue,U Blonde,UnibroueUBlonde,Blonde,Blonde,,,,,,,,,,,,,,,,,,,,,,,,,,,,,,,,,,,,,,,,,,,,,,,,,,,,,,,,,,,,,,,,,,,,,,,,,,,,,,,,,,,,,,,,,,,,,,,,,,,,,,,,,,,,,,,,,,,,,,,,
Unibroue,Trois Pistoles,UnibroueTroisPistoles,,,,,,,,,,,,,,,,,,,,,,,,,,,,,,,,,,,,,,,,,,,,,,,,,,,,,,,,,,,,,,,,,,,,,,,,,,,,,,,,,,,,,,,,,,,,,,,,,,,,,,,,,,,,,,,,,,,,,,,,,,
Unibroue,Maudite,UnibroueMaudite,,,,,,,,,,,,,,,,,,,,,,,,,,,,,,,,,,,,,,,,,,,,,,,,,,,,,,,,,,,,,,,,,,,,,,,,,,,,,,,,,,,,,,,,,,,,,,,,,,,,,,,,,,,,,,,,,,,,,,,,,,
